UID,Name,Age,Education,Gender,Starttime,Endtime,Duration,SQ1,SQ2,SQ3,SQ4,SQ5,SQ6,SQ7,SQ8,SQ9,SQ10,SQ11,SQ12,SQ13,SQ14,SQ15,SQ16,SQ17,FQ1,FQ2,FQ3,FQ4,FQ5,FQ6,FQ7,FQ8,FQ9,FQ10,FQ11,FQ12
3,Sarah Noaman,21-30,Undergraduate,Female,4/25/2025 15:43,4/25/2025 15:51,0:07:21,strongly_agree,agree,disagree,strongly_disagree,disagree,disagree,disagree,disagree,agree,disagree,disagree,agree,no,Style/Brand,Online,public_authorities,NULL,Strongly Agree,Strongly Agree,Strongly Agree,Very Helpful,It was easy for me to answer and finish the survey questions.,Strongly Agree,Strongly Agree,Strongly Agree,Strongly Agree,Strongly Agree,NULL,Agree
5,Jana Elhini,21-30,Undergraduate,Female,4/25/2025 15:46,4/25/2025 15:58,0:12:12,agree,strongly_agree,agree,disagree,disagree,disagree,disagree,strongly_agree,disagree,agree,agree,strongly_agree,partially,Price,In_Store,public_authorities,Legal regulations on companies and regular inspections,Strongly Agree,Strongly Agree,Strongly Agree,Extremely Helpful,The survey effectively made me think about fast fashion.,Strongly Agree,Strongly Agree,Strongly Agree,Strongly Agree,Strongly Agree,"The survey was very fun to answer, the format, added graphics and the “halfway there” checkpoint where encouraging to complete it",Strongly Agree
8,FAKHER FARID,61+,Bachelor,Male,4/25/2025 15:49,4/25/2025 16:13,0:23:49,agree,agree,strongly_agree,agree,agree,agree,disagree,agree,agree,agree,agree,agree,Definitely_not,Quality,Online,public_authorities,In God we trust,Agree,Agree,Agree,Very Helpful,It was easy for me to answer and finish the survey questions.,Agree,Agree,Agree,Agree,Agree,Shorter better,Neutral
9,maya moneib,21-30,Undergraduate,Female,4/25/2025 15:50,4/25/2025 15:57,0:06:47,agree,agree,strongly_agree,agree,strongly_agree,agree,strongly_agree,agree,agree,agree,agree,agree,partially,Quality,Online,public_authorities,NULL,Strongly Agree,Strongly Agree,Strongly Agree,Very Helpful,It was easy for me to answer and finish the survey questions.,Strongly Agree,Agree,Agree,Agree,Agree,NULL,Strongly Agree
20,Eman wahid,21-30,Undergraduate,Female,4/25/2025 15:54,4/25/2025 16:09,0:14:43,agree,strongly_agree,strongly_agree,disagree,disagree,agree,disagree,strongly_agree,strongly_agree,agree,disagree,strongly_agree,no,Quality,In_Store,consumer,Encourage and educate local brands to create ethical environmental products and lower their prices and improve awareness about environmental impacts to customers,Strongly Agree,Strongly Agree,Strongly Agree,Extremely Helpful,The survey effectively made me think about fast fashion.,Strongly Agree,Strongly Agree,Strongly Agree,Strongly Agree,Strongly Agree,NULL,Strongly Agree
21,Nada,21-30,Undergraduate,Female,4/25/2025 15:56,4/25/2025 16:14,0:18:05,agree,disagree,agree,disagree,agree,strongly_disagree,disagree,agree,agree,agree,agree,strongly_agree,Definitely_not,Quality,In_Store,public_authorities,NULL,Strongly Agree,Strongly Agree,Strongly Agree,Extremely Helpful,"The survey was interesting, and I enjoyed answering it.",Strongly Agree,Strongly Agree,Strongly Agree,Strongly Agree,Strongly Agree,it is perfect in my own opinion. very fun as well!!,Strongly Agree
22,Tasneem,21-30,Postgraduate_student,Female,4/25/2025 15:58,4/25/2025 16:06,0:08:52,agree,strongly_agree,agree,disagree,disagree,agree,disagree,agree,agree,agree,agree,agree,no,Quality,In_Store,public_authorities,"implementing stronger and harsher standards and regulations on companies, corporations, and organizations that are implicit in fast fashion",Agree,Neutral,Agree,Very Helpful,"The survey was interesting, and I enjoyed answering it.",Agree,Agree,Neutral,Neutral,Agree,NULL,Neutral
25,Rawan,21-30,Undergraduate,Female,4/25/2025 16:00,4/25/2025 16:05,0:05:43,agree,agree,agree,disagree,disagree,disagree,disagree,agree,agree,agree,agree,agree,no,Price,Online,public_authorities,Consumers should stop supporting fast fashion to drive brands to be more environmental,Strongly Agree,Strongly Agree,Strongly Agree,Extremely Helpful,It was easy for me to answer and finish the survey questions.,Strongly Agree,Neutral,Agree,Agree,Agree,NULL,Strongly Agree
28,khadija khaled,21-30,Bachelor,Female,4/25/2025 16:05,4/25/2025 16:12,0:06:35,strongly_agree,strongly_agree,agree,disagree,disagree,agree,disagree,agree,agree,disagree,disagree,agree,no,Quality,Online,public_authorities,provide better enviroments for the workers,Strongly Agree,Strongly Agree,Strongly Agree,Extremely Helpful,It was easy for me to answer and finish the survey questions.,Strongly Agree,Strongly Agree,Strongly Agree,Strongly Agree,Strongly Agree,the survey was entertaining to answer. the rewards were rewarding,Agree
30,Jowah,61+,Postgraudate_Degree,Male,4/25/2025 16:09,4/25/2025 16:11,0:02:49,strongly_disagree,strongly_agree,strongly_agree,strongly_agree,disagree,agree,disagree,agree,strongly_agree,strongly_agree,strongly_agree,agree,yes,Brand,In_Store,consumer,NULL,Strongly Agree,Strongly Agree,Strongly Agree,Extremely Helpful,The survey effectively made me think about fast fashion.,Strongly Agree,Strongly Agree,Strongly Agree,Strongly Agree,Strongly Agree,NULL,Strongly Agree
32,Hala Halim,51-60,Bachelor,Female,4/25/2025 16:13,4/25/2025 16:19,0:05:31,strongly_agree,strongly_agree,agree,disagree,agree,disagree,disagree,agree,disagree,disagree,disagree,agree,no,Price,In_Store,public_authorities,Laws and regulations,Agree,Agree,Agree,Very Helpful,It was easy for me to answer and finish the survey questions.,Agree,Agree,Agree,Agree,Agree,NULL,Neutral
33,Menna Hamza,21-30,Undergraduate,Female,4/25/2025 16:13,4/25/2025 16:17,0:03:44,agree,agree,agree,agree,agree,agree,agree,agree,agree,agree,agree,strongly_agree,yes,Price,In_Store,public_authorities,Availability of materials,Agree,Agree,Agree,Very Helpful,It was easy for me to answer and finish the survey questions.,Neutral,Agree,Neutral,Neutral,Neutral,NULL,Strongly Agree
36,Adel Imam,61+,Postgraudate_Degree,Male,4/25/2025 16:19,4/25/2025 16:32,0:13:22,agree,agree,strongly_agree,agree,disagree,agree,disagree,agree,agree,agree,disagree,agree,partially,Quality,In_Store,public_authorities,"Publicity ,",Agree,Agree,Agree,Very Helpful,"The survey was interesting, and I enjoyed answering it.",Agree,Agree,Agree,Neutral,Agree,NULL,Neutral
37,Jumana,21-30,Undergraduate,Female,4/25/2025 16:21,4/25/2025 16:27,0:06:21,agree,agree,agree,disagree,agree,disagree,strongly_disagree,disagree,strongly_agree,agree,agree,agree,no,Quality,Online,public_authorities,NULL,Strongly Agree,Agree,Strongly Agree,Extremely Helpful,The survey effectively made me think about fast fashion.,Strongly Agree,Strongly Agree,Strongly Agree,Strongly Agree,Strongly Agree,NULL,Strongly Agree
38,Omar,21-30,Bachelor,Male,4/25/2025 16:30,4/25/2025 16:35,0:05:00,agree,agree,agree,agree,disagree,disagree,strongly_disagree,disagree,disagree,disagree,agree,strongly_agree,no,Quality,In_Store,public_authorities,Better laws and regulations,Agree,Neutral,Agree,Moderately Helpful,People I know were interested in or sent me that survey.,Neutral,Disgree,Neutral,Disgree,Agree,NULL,Neutral
44,Loujine,21-30,Undergraduate,Female,4/25/2025 16:35,4/25/2025 16:45,0:10:11,agree,agree,strongly_agree,agree,strongly_agree,agree,strongly_agree,strongly_agree,agree,strongly_agree,disagree,strongly_agree,Definitely,Style/Brand,Online,public_authorities,"Applying some sort of fines on non-environmentally friendly brands, this regulates the market to become a ethical and environmentally friendly one",Strongly Agree,Strongly Agree,Strongly Agree,Extremely Helpful,It was easy for me to answer and finish the survey questions.,Strongly Agree,Strongly Agree,Strongly Agree,Strongly Agree,Strongly Agree,NULL,Agree
46,Malak,21-30,Undergraduate,Female,4/25/2025 16:35,4/25/2025 16:43,0:07:46,agree,agree,agree,agree,agree,agree,disagree,strongly_agree,strongly_agree,strongly_agree,agree,agree,no,Quality,In_Store,public_authorities,Thrifting,Strongly Agree,Strongly Agree,Strongly Agree,Extremely Helpful,"The survey was interesting, and I enjoyed answering it.",Strongly Agree,Strongly Agree,Strongly Agree,Strongly Agree,Strongly Agree,A truly great experience,Strongly Agree
47,hala,21-30,Undergraduate,Female,4/25/2025 16:37,4/25/2025 16:48,0:11:03,strongly_agree,agree,agree,agree,agree,disagree,disagree,disagree,disagree,agree,disagree,strongly_agree,yes,Identity_Building,Online,"i think everyone really cuz the companies should have csr, the authorities are able to control this to an extent and the customers buy these products so i dont think one of them is like more responsible than the other",NULL,Agree,Agree,Neutral,Slightly Helpful,It was easy for me to answer and finish the survey questions.,Neutral,Disgree,Disgree,Disgree,Agree,"the annoying noise when u type cuz it said magic happens when u write, i didnt know that was the magic u meant??",Agree
51,Aliaa,31-40,Postgraduate_student,Female,4/25/2025 16:42,4/25/2025 17:00,0:17:29,strongly_agree,agree,agree,agree,disagree,disagree,strongly_disagree,strongly_disagree,strongly_agree,agree,strongly_disagree,strongly_agree,no,Quality,In_Store,public_authorities,Governments should enforce laws that protect the workers and the environment,Strongly Agree,Agree,Strongly Agree,Extremely Helpful,"The survey was interesting, and I enjoyed answering it.",Strongly Agree,Strongly Agree,Strongly Agree,Agree,Strongly Agree,I found it interesting to show a video at the beginning and to get the popups that I was halfway there,Agree
54,Ezzeldin Yahya,21-30,Undergraduate,Male,4/25/2025 16:48,4/25/2025 16:58,0:09:59,disagree,agree,strongly_agree,strongly_agree,disagree,disagree,strongly_disagree,disagree,agree,strongly_agree,agree,strongly_agree,no,Quality,Online,public_authorities,Increasing the public’s awareness about the issue and putting firm laws that promote ethicality and environmental awareness,Strongly Agree,Agree,Agree,Slightly Helpful,The survey effectively made me think about fast fashion.,Neutral,Agree,Neutral,Neutral,Neutral,NULL,Agree
55,Adam,16-20,Undergraduate,Male,4/25/2025 16:57,4/25/2025 17:00,0:02:44,strongly_disagree,agree,agree,disagree,agree,agree,agree,disagree,strongly_agree,disagree,disagree,strongly_agree,no,Quality,Online,public_authorities,Taxes,Strongly Agree,Strongly Agree,Strongly Agree,Extremely Helpful,The survey effectively made me think about fast fashion.,Strongly Agree,Strongly Agree,Strongly Agree,Agree,Strongly Agree,NULL,Agree
59,safeya khaled,16-20,Undergraduate,Female,4/25/2025 17:03,4/25/2025 17:09,0:05:52,agree,disagree,strongly_agree,agree,disagree,disagree,disagree,strongly_agree,disagree,agree,strongly_agree,strongly_agree,no,Quality,In_Store,public_authorities,impose taxes on companies,Strongly Agree,Strongly Agree,Strongly Agree,Extremely Helpful,The survey effectively made me think about fast fashion.,Strongly Agree,Strongly Agree,Strongly Agree,Strongly Agree,Strongly Agree,1000/10,Strongly Agree
60,Mohamed,21-30,Undergraduate,Male,4/25/2025 17:04,4/25/2025 17:11,0:06:38,agree,agree,strongly_agree,agree,strongly_agree,disagree,strongly_disagree,agree,agree,disagree,disagree,strongly_agree,partially,Price,Online,public_authorities,NULL,Agree,Neutral,Neutral,Moderately Helpful,It was easy for me to answer and finish the survey questions.,Neutral,Neutral,Disgree,Neutral,Agree,NULL,Neutral
61,Hania,21-30,Undergraduate,Female,4/25/2025 17:05,4/25/2025 17:10,0:05:33,agree,agree,strongly_agree,disagree,agree,disagree,strongly_disagree,agree,agree,disagree,agree,agree,no,Quality,In_Store,public_authorities,Add taxes,Strongly Agree,Strongly Agree,Strongly Agree,Extremely Helpful,It was easy for me to answer and finish the survey questions.,Strongly Agree,Strongly Agree,Strongly Agree,Strongly Agree,Strongly Agree,NULL,Strongly Agree
62,Lousenda El-Khosht,21-30,Bachelor,Female,4/25/2025 17:05,4/25/2025 17:14,0:08:35,agree,agree,strongly_agree,agree,disagree,disagree,disagree,agree,agree,agree,agree,strongly_agree,no,Quality,In_Store,consumer,"Setting guidelines and regulations, while taxing unethical companies",Strongly Agree,Strongly Agree,Strongly Agree,Very Helpful,People I know were interested in or sent me that survey.,Strongly Agree,Strongly Agree,Agree,Agree,Strongly Agree,NULL,Agree
65,Maryam,16-20,Undergraduate,Female,4/25/2025 17:19,4/25/2025 17:24,0:04:32,agree,agree,strongly_agree,strongly_agree,strongly_agree,disagree,agree,disagree,strongly_disagree,agree,agree,strongly_agree,partially,Identity_Building,Online,public_authorities,NULL,Strongly Agree,Strongly Agree,Strongly Agree,Extremely Helpful,The survey effectively made me think about fast fashion.,Strongly Agree,Strongly Agree,Strongly Agree,Strongly Agree,Agree,NULL,Strongly Agree
66,Sama Tamer,16-20,Undergraduate,Female,4/25/2025 17:21,4/25/2025 17:30,0:09:02,agree,agree,agree,disagree,agree,agree,disagree,disagree,disagree,disagree,disagree,agree,partially,Brand,Online,public_authorities,NULL,Strongly Agree,Strongly Agree,Strongly Agree,Extremely Helpful,The survey effectively made me think about fast fashion.,Strongly Agree,Strongly Agree,Strongly Agree,Strongly Agree,Strongly Agree,NULL,Strongly Agree
67,noor elshazly,16-20,High,Female,4/25/2025 17:22,4/25/2025 17:28,0:05:49,agree,agree,agree,agree,disagree,disagree,agree,disagree,agree,agree,agree,agree,no,Quality,In_Store,public_authorities,companies should use environment safe products to achieve their clothing and consumers shouldn’t buy anything otherwise,Strongly Agree,Strongly Agree,Strongly Agree,Extremely Helpful,People I know were interested in or sent me that survey.,Strongly Agree,Strongly Agree,Strongly Agree,Strongly Agree,Strongly Agree,NULL,Agree
68,Karim Al Sanabary,41-50,Postgraduate_student,Male,4/25/2025 17:30,4/25/2025 17:38,0:08:34,agree,strongly_agree,strongly_agree,agree,agree,agree,disagree,agree,disagree,strongly_agree,agree,strongly_agree,no,Style/Brand,In_Store,Both,Reduce fast paste behavior,Strongly Agree,Agree,Agree,Very Helpful,The survey effectively made me think about fast fashion.,Neutral,Neutral,Disgree,Neutral,Neutral,NULL,Disagree
78,Nouran,21-30,Bachelor,Female,4/25/2025 17:34,4/25/2025 17:44,0:10:01,agree,disagree,agree,disagree,strongly_agree,strongly_disagree,strongly_disagree,agree,disagree,strongly_agree,strongly_agree,agree,Definitely_not,Ethicality,In_Store,public_authorities,NULL,Strongly Agree,Agree,Agree,Very Helpful,The survey effectively made me think about fast fashion.,Agree,Agree,Agree,Agree,Strongly Agree,NULL,Neutral
79,Amina Imam,31-40,Postgraudate_Degree,Female,4/25/2025 17:36,4/25/2025 17:42,0:05:58,agree,agree,agree,disagree,agree,agree,NULL,agree,strongly_disagree,strongly_disagree,disagree,agree,no,Price,In_Store,public_authorities,Reducing the price of local brands through reducing the taxes.,Strongly Agree,Strongly Agree,Strongly Agree,Very Helpful,People I know were interested in or sent me that survey.,Strongly Agree,Agree,Agree,Agree,Strongly Agree,May be add background changes or skins as you advance in the game.,Agree
81,Malak,21-30,Undergraduate,Female,4/25/2025 17:42,4/25/2025 17:47,0:04:59,agree,strongly_agree,strongly_agree,agree,disagree,strongly_agree,strongly_agree,agree,agree,disagree,agree,strongly_agree,yes,Quality,In_Store,public_authorities,NULL,Strongly Agree,Strongly Agree,Strongly Agree,Extremely Helpful,"The survey was interesting, and I enjoyed answering it.",Strongly Agree,Strongly Agree,Strongly Agree,Strongly Agree,Strongly Agree,NULL,Agree
85,Sahar Sami,31-40,Bachelor,Female,4/25/2025 17:46,4/25/2025 17:50,0:03:57,agree,agree,agree,agree,disagree,agree,agree,disagree,agree,agree,agree,disagree,partially,Quality,Online,consumer,.,Strongly Agree,Strongly Agree,Strongly Agree,Extremely Helpful,The survey effectively made me think about fast fashion.,Strongly Agree,Strongly Agree,Strongly Agree,Strongly Agree,Strongly Agree,.,Strongly Agree
86,Sherine Halim,51-60,Bachelor,Female,4/25/2025 17:47,4/25/2025 17:55,0:08:33,strongly_agree,disagree,agree,strongly_agree,strongly_agree,strongly_disagree,strongly_disagree,agree,strongly_agree,agree,agree,strongly_agree,no,Quality,Online,public_authorities,Cultural change,Agree,Agree,Agree,Very Helpful,It was easy for me to answer and finish the survey questions.,Strongly Agree,Agree,Agree,Agree,Agree,It needs to be mobile friendly since most survey candidates use mobile. Great work. ??,Strongly Agree
88,Sherif ELSHAZLY,51-60,Bachelor,Male,4/25/2025 17:54,4/25/2025 18:00,0:06:36,agree,disagree,agree,agree,agree,agree,disagree,disagree,agree,agree,agree,agree,no,Quality,In_Store,public_authorities,Expand textile recycling and repair facilities. Support research in sustainable fabric technology Foster public-private partnerships for circular solutions.,Agree,Agree,Agree,Very Helpful,The survey effectively made me think about fast fashion.,Agree,Agree,Agree,Agree,Agree,"The survey was thoughtful, constructive, and valuable.",Agree
90,Esraa,16-20,Undergraduate,Female,4/25/2025 18:09,4/25/2025 18:14,0:05:04,agree,agree,agree,disagree,agree,agree,strongly_disagree,disagree,agree,agree,agree,agree,no,Quality,In_Store,public_authorities,People need to focus on appearances less,Strongly Agree,Strongly Agree,Strongly Agree,Extremely Helpful,It was easy for me to answer and finish the survey questions.,Agree,Agree,Agree,Neutral,Agree,NULL,Agree
92,Khaled Ali,61+,Postgraudate_Degree,Male,4/25/2025 18:30,4/25/2025 18:37,0:06:48,agree,disagree,agree,agree,disagree,agree,agree,agree,agree,agree,agree,agree,Definitely,Quality,NULL,consumer,NULL,Strongly Agree,Agree,Agree,Extremely Helpful,It was easy for me to answer and finish the survey questions.,Agree,Agree,Agree,Agree,Agree,NULL,Agree
93,Kenzy,16-20,Undergraduate,Female,4/25/2025 18:33,4/25/2025 18:57,0:24:19,strongly_agree,strongly_agree,disagree,disagree,disagree,agree,disagree,agree,agree,disagree,agree,agree,no,Style/Brand,Online,public_authorities,Brands start to be more ethical,Agree,Agree,Agree,Moderately Helpful,It was easy for me to answer and finish the survey questions.,Neutral,Agree,Agree,Neutral,Agree,NULL,Agree
96,Nada,21-30,Undergraduate,Female,4/25/2025 18:40,4/25/2025 18:46,0:05:45,agree,strongly_agree,agree,agree,disagree,agree,agree,disagree,strongly_agree,agree,agree,agree,yes,Style/Brand,Online,public_authorities,the company being shut down,Strongly Agree,Strongly Agree,Strongly Agree,Extremely Helpful,The survey effectively made me think about fast fashion.,Strongly Agree,Strongly Agree,Strongly Agree,Strongly Agree,Strongly Agree,NULL,Strongly Agree
97,Nosaiba,21-30,Undergraduate,Female,4/25/2025 18:42,4/25/2025 18:52,0:10:20,agree,disagree,agree,disagree,agree,disagree,strongly_disagree,disagree,agree,disagree,agree,disagree,no,Style/Brand,Online,public_authorities,The company itself prohibit their use,Agree,Neutral,Strongly Agree,Very Helpful,It was easy for me to answer and finish the survey questions.,Agree,Agree,Agree,Strongly Agree,Agree,"It was fun tho, something new",Neutral
102,Moaz,16-20,Undergraduate,Male,4/25/2025 18:59,4/25/2025 19:03,0:03:45,strongly_disagree,disagree,agree,strongly_agree,agree,strongly_disagree,strongly_disagree,strongly_disagree,agree,agree,agree,NULL,yes,Price,Online,public_authorities,NULL,Strongly Agree,Strongly Agree,Agree,Very Helpful,People I know were interested in or sent me that survey.,Agree,Agree,Agree,Strongly Agree,Strongly Agree,NULL,Strongly Agree
109,Rama,21-30,Undergraduate,Female,4/25/2025 19:15,4/25/2025 19:23,0:07:56,agree,disagree,agree,disagree,disagree,disagree,disagree,disagree,agree,agree,agree,strongly_agree,no,Style/Brand,In_Store,public_authorities,Authorities regulations,Strongly Agree,Strongly Agree,Strongly Agree,Extremely Helpful,"The survey was interesting, and I enjoyed answering it.",Strongly Agree,Agree,Agree,Agree,Strongly Agree,NULL,Agree
110,Amira Ibrahim,21-30,Undergraduate,Female,4/25/2025 19:20,4/25/2025 19:25,0:04:28,agree,agree,agree,disagree,disagree,agree,disagree,agree,agree,agree,disagree,agree,partially,Quality,Online,public_authorities,"Taking a more ethical/environmentally friendly approach to production, and taking into account how the company’s business processes affect the environment. This could be enforced and monitored by the government through taxes and restrictions",Agree,Agree,Agree,Moderately Helpful,"The survey was interesting, and I enjoyed answering it.",Agree,Agree,Neutral,Agree,Agree,NULL,Agree
113,Rawan monhamed,21-30,Undergraduate,Female,4/25/2025 19:24,4/25/2025 19:29,0:05:24,agree,agree,agree,strongly_agree,strongly_agree,disagree,disagree,agree,disagree,agree,strongly_agree,agree,no,Quality,In_Store,public_authorities,Second hand shops,Strongly Agree,Agree,Strongly Agree,Extremely Helpful,The survey effectively made me think about fast fashion.,Agree,Strongly Agree,Agree,Agree,Strongly Agree,NULL,Strongly Agree
115,Abdelrhman,16-20,Undergraduate,Male,4/25/2025 19:30,4/25/2025 19:35,0:04:43,disagree,strongly_disagree,agree,strongly_disagree,disagree,strongly_disagree,disagree,strongly_disagree,disagree,disagree,strongly_disagree,strongly_disagree,no,Style/Brand,In_Store,Both,Self conscious,Strongly Agree,Strongly Disgree,Strongly Agree,Not Helpful,"The survey was interesting, and I enjoyed answering it.",Neutral,Strongly Disgree,Strongly Disgree,Strongly Disgree,Disgree,NULL,Neutral
120,nour,16-20,High,Female,4/25/2025 19:47,4/25/2025 20:03,0:15:54,strongly_agree,disagree,agree,agree,disagree,disagree,strongly_disagree,disagree,disagree,disagree,agree,agree,no,Style/Brand,In_Store,public_authorities,???????? ??????? ?? ??????? ??????? ????? ????,Strongly Agree,Neutral,Agree,Moderately Helpful,"The survey was interesting, and I enjoyed answering it.",Agree,Strongly Agree,Strongly Disgree,Neutral,Agree,very nice ??,Strongly Agree
121,Ahmed,21-30,Undergraduate,Male,4/25/2025 19:49,4/25/2025 19:59,0:10:06,disagree,agree,agree,disagree,agree,disagree,disagree,disagree,agree,agree,agree,strongly_agree,Definitely_not,Ethicality,Online,public_authorities,Government Intervention,Strongly Agree,Strongly Agree,Strongly Agree,Very Helpful,It was easy for me to answer and finish the survey questions.,Agree,Agree,Agree,Agree,Agree,"If this was a survery platform like google forms, then re-using the character (e.g., by signing up), styling it, and gaining points for answering surveys would be even more awesome!",Agree
122,Roaa,21-30,Undergraduate,Female,4/25/2025 19:51,4/25/2025 20:06,0:14:28,strongly_agree,agree,agree,disagree,agree,disagree,strongly_disagree,agree,agree,agree,strongly_agree,agree,no,Style/Brand,In_Store,public_authorities,Better marketing for environmentally friendly companies and companies explaining how they produce their products ethically on their website,Agree,Strongly Agree,Agree,Very Helpful,It was easy for me to answer and finish the survey questions.,Agree,Agree,Neutral,Neutral,Strongly Agree,NULL,Agree
134,Maryam Elsayed,21-30,Undergraduate,Female,4/25/2025 20:51,4/25/2025 20:56,0:05:17,agree,disagree,agree,disagree,disagree,disagree,disagree,disagree,disagree,agree,agree,disagree,no,Identity_Building,In_Store,public_authorities,Raising awareness,Strongly Agree,Strongly Agree,Strongly Agree,Extremely Helpful,It was easy for me to answer and finish the survey questions.,Strongly Agree,Strongly Agree,Neutral,Agree,Agree,It's perfect,Strongly Agree
141,Habiba,16-20,Undergraduate,Female,4/25/2025 21:28,4/25/2025 21:35,0:07:14,strongly_agree,agree,strongly_agree,agree,strongly_agree,strongly_disagree,strongly_disagree,agree,agree,strongly_agree,agree,strongly_agree,Definitely_not,Ethicality,Online,public_authorities,Advertisement,Strongly Agree,Agree,Agree,Very Helpful,It was easy for me to answer and finish the survey questions.,Strongly Agree,Strongly Agree,Strongly Agree,Strongly Agree,Strongly Agree,Nth its just perfect,Strongly Agree
144,Yara Fouad,21-30,Postgraduate_student,Female,4/25/2025 21:35,4/25/2025 21:42,0:06:31,disagree,agree,agree,strongly_agree,strongly_agree,disagree,agree,agree,strongly_disagree,agree,agree,strongly_agree,no,Quality,In_Store,consumer,NULL,Agree,Agree,Agree,Very Helpful,"The survey was interesting, and I enjoyed answering it.",Agree,Neutral,Agree,Neutral,Neutral,NULL,Strongly Agree
149,Mariam Mostafa,21-30,Bachelor,Female,4/25/2025 21:46,4/25/2025 21:51,0:04:24,strongly_agree,agree,agree,agree,agree,strongly_agree,strongly_agree,agree,disagree,agree,agree,agree,no,Quality,In_Store,public_authorities,NULL,Strongly Agree,Strongly Agree,Strongly Agree,Extremely Helpful,The survey effectively made me think about fast fashion.,Strongly Agree,Strongly Agree,Strongly Agree,Strongly Agree,Strongly Agree,NULL,Strongly Agree
153,NOUR IMAM,21-30,Postgraudate_Degree,Female,4/25/2025 22:12,4/25/2025 22:23,0:11:16,agree,strongly_agree,agree,disagree,disagree,agree,agree,disagree,agree,agree,disagree,strongly_agree,no,Quality,In_Store,public_authorities,To use sustainable production methods and move to clean energy sources.,Strongly Agree,Strongly Agree,Strongly Agree,Extremely Helpful,People I know were interested in or sent me that survey.,Strongly Agree,Strongly Agree,Agree,Agree,Strongly Agree,NULL,Agree
155,Menna Sarhan,21-30,Bachelor,Female,4/25/2025 22:15,4/25/2025 22:33,0:17:20,agree,agree,NULL,disagree,disagree,agree,strongly_disagree,strongly_agree,agree,disagree,strongly_agree,agree,no,Price,In_Store,public_authorities,-reduce poeple attention to fashion and nake them busy with other more important stuff.,Strongly Agree,Strongly Agree,Neutral,Very Helpful,People I know were interested in or sent me that survey.,Agree,Disgree,Agree,Disgree,Neutral,Use simpler and more popular words.,Neutral
156,Dareen Mohammed,15-Nov,Elementary,Female,4/25/2025 22:21,4/25/2025 22:32,0:11:36,strongly_agree,disagree,agree,strongly_agree,NULL,strongly_agree,strongly_disagree,agree,strongly_agree,strongly_agree,agree,agree,no,Quality,In_Store,consumer,Use materials t,Strongly Agree,Agree,Strongly Agree,Very Helpful,The survey effectively made me think about fast fashion.,Strongly Agree,Strongly Agree,Agree,Strongly Agree,Strongly Agree,Amazing ?????? and helpful survey,Strongly Agree
159,Nada Ayman,16-20,Undergraduate,Female,4/25/2025 22:42,4/25/2025 22:44,0:01:54,agree,agree,agree,agree,agree,agree,agree,agree,agree,agree,agree,agree,no,Quality,In_Store,consumer,Advertisements and Awarness,Strongly Agree,Strongly Agree,Strongly Agree,Extremely Helpful,The survey effectively made me think about fast fashion.,Strongly Agree,Strongly Agree,Strongly Agree,Strongly Agree,Strongly Agree,NULL,Strongly Agree
161,Farah Walid,21-30,Undergraduate,Female,4/25/2025 22:56,4/25/2025 23:04,0:08:19,agree,agree,agree,disagree,disagree,agree,disagree,disagree,disagree,agree,disagree,agree,partially,Quality,In_Store,public_authorities,Applying taxes on fast fashion companies that impact the environment negatively,Strongly Agree,Strongly Agree,Agree,Very Helpful,"The survey was interesting, and I enjoyed answering it.",Agree,Agree,Agree,Neutral,Strongly Agree,NULL,Agree
163,Sama Youssef,16-20,Undergraduate,Female,4/25/2025 23:09,4/25/2025 23:16,0:07:27,agree,agree,strongly_agree,disagree,disagree,agree,disagree,disagree,agree,agree,agree,strongly_agree,partially,Quality,In_Store,public_authorities,Placing more governmental regulations on the brands/companies as well as making consumers more aware,Strongly Agree,Strongly Agree,Strongly Agree,Very Helpful,"The survey was interesting, and I enjoyed answering it.",Strongly Agree,Strongly Agree,Strongly Agree,Strongly Agree,Strongly Agree,No need it is already very engaging and enjoyable as a new experience,Strongly Agree
164,Mohamed Amin fowzy,61+,Postgraudate_Degree,Male,4/25/2025 23:38,4/26/2025 0:02,0:23:36,agree,agree,agree,agree,agree,disagree,disagree,disagree,disagree,agree,agree,agree,no,Price,In_Store,consumer,Teaching the children in the school to be practical in their life's and don't care much about brands.,Strongly Agree,Strongly Agree,Strongly Agree,Very Helpful,"The survey was interesting, and I enjoyed answering it.",Agree,Agree,Agree,Agree,Agree,Did you ask the help of CHAT GPT,Agree
165,Farida,16-20,High,Female,4/25/2025 23:47,4/25/2025 23:55,0:07:41,agree,agree,agree,agree,agree,agree,disagree,agree,agree,agree,agree,agree,no,Quality,Online,public_authorities,NULL,Neutral,Neutral,Neutral,Moderately Helpful,It was easy for me to answer and finish the survey questions.,Agree,Agree,Agree,Agree,Agree,NULL,Neutral
167,Hana,21-30,Undergraduate,Female,4/26/2025 0:13,4/26/2025 0:15,0:02:31,strongly_agree,strongly_agree,strongly_agree,disagree,disagree,strongly_agree,agree,disagree,agree,strongly_agree,strongly_agree,strongly_agree,Definitely,Quality,In_Store,public_authorities,NULL,Strongly Agree,Strongly Agree,Strongly Agree,Extremely Helpful,The survey effectively made me think about fast fashion.,Strongly Agree,Strongly Agree,Strongly Agree,Strongly Agree,Strongly Agree,NULL,Strongly Agree
168,carol,21-30,Undergraduate,Female,4/26/2025 0:14,4/26/2025 0:22,0:07:41,disagree,strongly_agree,disagree,disagree,strongly_disagree,strongly_agree,disagree,agree,disagree,disagree,agree,agree,Definitely,Style/Brand,In_Store,public_authorities,"changing how we buy clothes. When people choose to buy less, invest in better quality, and care for what they already own, it sends a clear message to brands.",Neutral,Agree,Agree,Very Helpful,It was easy for me to answer and finish the survey questions.,Agree,Agree,Agree,Agree,Agree,NULL,Agree
169,Abdallah khaled bassim aly mohamed,21-30,Bachelor,Male,4/26/2025 0:47,4/26/2025 0:53,0:05:17,agree,agree,agree,agree,disagree,disagree,disagree,agree,agree,agree,agree,strongly_agree,Definitely_not,Quality,Online,public_authorities,Governmental policies,Agree,Agree,Agree,Moderately Helpful,It was easy for me to answer and finish the survey questions.,Agree,Agree,Neutral,Agree,Agree,NULL,Agree
171,Kelsey,31-40,Postgraudate_Degree,Female,4/26/2025 4:01,4/26/2025 4:09,0:07:51,strongly_agree,agree,agree,agree,agree,disagree,strongly_disagree,agree,disagree,agree,strongly_agree,strongly_agree,no,Quality,Online,public_authorities,Better options to actually recycle fast fashion clothing.,Agree,Agree,Agree,Moderately Helpful,People I know were interested in or sent me that survey.,Agree,Agree,Agree,Agree,Agree,Include a neutral option and ability to comment on each question to provide context. Nice job!,Agree
172,Sally Mancy,31-40,Postgraudate_Degree,Female,4/26/2025 6:28,4/26/2025 6:43,0:15:40,strongly_agree,strongly_disagree,agree,agree,agree,strongly_disagree,disagree,disagree,disagree,agree,agree,strongly_agree,Definitely_not,Quality,In_Store,public_authorities,Raising awareness about fast fashion and its negative impact.,Strongly Agree,Strongly Agree,Strongly Agree,Extremely Helpful,The survey effectively made me think about fast fashion.,Strongly Agree,Strongly Agree,Strongly Agree,Strongly Agree,Strongly Agree,NULL,Agree
175,ahmed badawy,31-40,Bachelor,Male,4/26/2025 8:53,4/26/2025 8:56,0:03:04,disagree,disagree,NULL,strongly_agree,NULL,disagree,disagree,disagree,disagree,strongly_agree,agree,agree,no,Price,In_Store,public_authorities,NULL,Neutral,Neutral,Neutral,Moderately Helpful,People I know were interested in or sent me that survey.,Neutral,Neutral,Neutral,Neutral,Neutral,NULL,Neutral
182,jana raouf,16-20,Undergraduate,Female,4/26/2025 16:32,4/26/2025 16:37,0:04:53,agree,strongly_agree,agree,agree,strongly_agree,disagree,disagree,agree,disagree,agree,agree,agree,partially,Price,In_Store,consumer,because the consumer is the one who could control the shops they demand so if they demanded more ethically sourced clothing then shops will have to listen and do so,Agree,Agree,Agree,Very Helpful,"The survey was interesting, and I enjoyed answering it.",Agree,Strongly Agree,Strongly Agree,Strongly Agree,Strongly Agree,NULL,Strongly Agree
185,Maya,21-30,Undergraduate,Female,4/26/2025 16:53,4/26/2025 17:00,0:07:38,strongly_agree,strongly_agree,strongly_agree,agree,agree,agree,disagree,strongly_agree,agree,agree,agree,agree,partially,Quality,Online,public_authorities,Achieving similar styles locally,Strongly Agree,Strongly Agree,Strongly Agree,Very Helpful,The survey effectively made me think about fast fashion.,Agree,Agree,Agree,Agree,Agree,NULL,Strongly Agree
189,Jumana,21-30,Undergraduate,Female,4/27/2025 9:47,4/27/2025 10:06,0:18:35,agree,agree,strongly_agree,agree,disagree,agree,strongly_disagree,disagree,disagree,agree,disagree,agree,partially,Quality,In_Store,public_authorities,"I think the most effective approach is to buy fewer clothes, choose better-quality, sustainable options, and support brands that are eco-friendly.",Strongly Agree,Agree,Strongly Agree,Extremely Helpful,"The survey was interesting, and I enjoyed answering it.",Strongly Agree,Strongly Agree,Agree,Agree,Strongly Agree,I like how it looks like a game where you choose your own and character and gain points while your answering,Strongly Agree
190,Dalia Khairat,51-60,Bachelor,Female,4/27/2025 10:42,4/27/2025 10:55,0:12:28,agree,disagree,agree,disagree,agree,disagree,strongly_disagree,agree,agree,agree,agree,agree,Definitely_not,Quality,In_Store,public_authorities,NULL,Agree,Agree,Agree,Very Helpful,"The survey was interesting, and I enjoyed answering it.",Agree,Agree,Agree,Agree,Agree,NULL,Strongly Agree
191,Rokaya Mohammed,16-20,Undergraduate,Female,4/27/2025 11:08,4/27/2025 11:15,0:06:57,agree,agree,strongly_agree,disagree,strongly_agree,agree,agree,disagree,agree,agree,disagree,agree,Definitely,Quality,Online,consumer,"Maybe The companies being taxed will reduce the amount of brands who mass produce , so these companies will be somewhat less.",Strongly Agree,Strongly Agree,Strongly Agree,Very Helpful,"The survey was interesting, and I enjoyed answering it.",Strongly Agree,Strongly Agree,Strongly Agree,Strongly Agree,Agree,Maybe the hierarchy in the text could be better and would help in attention grabbing and would organize the user's thoughts.,Strongly Agree
192,Rania mekky,16-20,Undergraduate,Female,4/27/2025 11:16,4/27/2025 11:23,0:07:02,NULL,NULL,NULL,NULL,NULL,NULL,NULL,NULL,NULL,NULL,NULL,NULL,NULL,NULL,NULL,NULL,NULL,Agree,Agree,Agree,Moderately Helpful,"The survey was interesting, and I enjoyed answering it.",Agree,Agree,Agree,Strongly Agree,Strongly Agree,Shorten or simplify sentences so it is clearer. Keep up the good work! :),Strongly Agree
193,salma emam,16-20,Undergraduate,Female,4/27/2025 11:23,4/27/2025 11:31,0:08:11,NULL,NULL,NULL,NULL,NULL,NULL,NULL,NULL,NULL,NULL,NULL,NULL,NULL,NULL,NULL,NULL,NULL,Agree,Agree,Agree,Moderately Helpful,It was easy for me to answer and finish the survey questions.,Agree,Agree,Agree,Agree,Agree,i think you need more neutral response options,Agree
194,Nour Saber,21-30,Undergraduate,Female,4/27/2025 11:25,4/27/2025 11:32,0:07:05,agree,disagree,agree,disagree,agree,agree,strongly_disagree,agree,agree,agree,agree,strongly_agree,yes,Quality,Online,public_authorities,tax big companies for unethical practices,Agree,Agree,Agree,Moderately Helpful,It was easy for me to answer and finish the survey questions.,Agree,Agree,Agree,Agree,Agree,next button when choosing avatar wasn’t visible,Agree
195,Aly Serry,21-30,Undergraduate,Male,4/27/2025 11:26,4/27/2025 11:30,0:04:18,strongly_agree,agree,strongly_agree,disagree,strongly_agree,disagree,disagree,agree,strongly_agree,strongly_agree,disagree,strongly_agree,no,Quality,Online,public_authorities,taxing corporations who participate in the industry,Strongly Agree,Strongly Agree,Strongly Agree,Extremely Helpful,People I know were interested in or sent me that survey.,Agree,Neutral,Agree,Agree,Agree,NULL,Agree
196,Ali shaheen,21-30,Undergraduate,Male,4/27/2025 11:26,4/27/2025 11:33,0:07:02,strongly_agree,disagree,strongly_agree,agree,disagree,disagree,disagree,disagree,agree,agree,agree,disagree,Definitely_not,Quality,In_Store,public_authorities,To reduce its impact effectively the public opinion needs to be more negative towards it.,Strongly Agree,Agree,Strongly Agree,Moderately Helpful,"The survey was interesting, and I enjoyed answering it.",Agree,Agree,Neutral,Neutral,Agree,NULL,Agree
197,Donia,16-20,Undergraduate,Female,4/27/2025 11:26,4/27/2025 11:32,0:06:44,agree,agree,agree,disagree,disagree,agree,agree,disagree,disagree,disagree,agree,agree,Definitely,Quality,Online,public_authorities,Dddd,Neutral,Agree,Agree,Very Helpful,The survey effectively made me think about fast fashion.,Agree,Agree,Agree,Agree,Agree,NULL,Strongly Agree
199,Hania,21-30,Undergraduate,Female,4/27/2025 11:26,4/27/2025 11:32,0:05:55,strongly_agree,disagree,strongly_agree,disagree,disagree,agree,strongly_disagree,strongly_disagree,agree,agree,agree,strongly_agree,no,Quality,Online,consumer,Tax them,Strongly Agree,Strongly Agree,Strongly Agree,Extremely Helpful,The survey effectively made me think about fast fashion.,Strongly Agree,Strongly Agree,Strongly Agree,Strongly Agree,Strongly Agree,-,Agree
201,Mohamed Amr Weheba,16-20,Undergraduate,Male,4/27/2025 11:27,4/27/2025 11:33,0:05:48,disagree,agree,agree,disagree,disagree,disagree,disagree,disagree,agree,agree,disagree,disagree,no,Quality,In_Store,public_authorities,Government intervention,Agree,Agree,Agree,Moderately Helpful,It was easy for me to answer and finish the survey questions.,Neutral,Neutral,Agree,Agree,Strongly Agree,NULL,Agree
202,Ramy Ahmed,16-20,Undergraduate,Male,4/27/2025 11:28,4/27/2025 11:41,0:13:04,agree,agree,agree,agree,agree,disagree,strongly_agree,agree,strongly_disagree,strongly_agree,strongly_agree,agree,yes,Ethicality,Online,public_authorities,NULL,Strongly Agree,Strongly Agree,Strongly Agree,Extremely Helpful,The survey effectively made me think about fast fashion.,Strongly Agree,Strongly Agree,Strongly Agree,Strongly Disgree,Strongly Disgree,NULL,Strongly Agree
203,Yassin Mohsen,16-20,Undergraduate,Male,4/27/2025 11:28,4/27/2025 11:32,0:03:42,disagree,agree,agree,strongly_agree,agree,strongly_disagree,strongly_agree,disagree,strongly_disagree,strongly_agree,agree,strongly_agree,partially,Price,In_Store,public_authorities,NULL,Disagree,Strongly Agree,Strongly Agree,Very Helpful,The survey effectively made me think about fast fashion.,Neutral,Agree,Agree,Agree,Disgree,NULL,Strongly Agree
208,Ahmed,16-20,Undergraduate,Male,4/27/2025 11:29,4/27/2025 11:35,0:05:49,strongly_agree,agree,agree,agree,disagree,agree,agree,agree,disagree,agree,agree,strongly_agree,yes,Ethicality,In_Store,consumer,Online,Agree,Strongly Agree,Strongly Agree,Extremely Helpful,The survey effectively made me think about fast fashion.,Strongly Agree,Strongly Agree,Strongly Agree,Strongly Agree,Strongly Agree,NULL,Strongly Agree
209,mohamed hatem anwar,16-20,Undergraduate,Male,4/27/2025 11:29,4/27/2025 11:42,0:12:38,agree,strongly_agree,agree,agree,agree,agree,agree,agree,disagree,agree,agree,agree,partially,Price,In_Store,public_authorities,a combination of systemic change and consumer behavior shift.,Strongly Agree,Strongly Agree,Strongly Agree,Extremely Helpful,The survey effectively made me think about fast fashion.,Strongly Agree,Strongly Agree,Strongly Agree,Strongly Agree,Strongly Agree,"in my opinion, there is no limits or mistakes in the structure and running of the survey",Agree
210,blob,16-20,Undergraduate,Male,4/27/2025 11:29,4/27/2025 11:35,0:05:25,disagree,agree,agree,strongly_agree,disagree,agree,strongly_agree,strongly_agree,strongly_agree,agree,agree,strongly_agree,no,Price,In_Store,public_authorities,Spread awareness by showing how much damage they cause the environment.,Strongly Agree,Strongly Agree,Strongly Agree,Very Helpful,It was easy for me to answer and finish the survey questions.,Agree,Agree,Neutral,Agree,Agree,NULL,Agree
211,Youssef Ashraf Hussien,16-20,Undergraduate,Male,4/27/2025 11:30,4/27/2025 11:33,0:03:07,agree,agree,agree,agree,disagree,strongly_agree,strongly_disagree,strongly_agree,disagree,strongly_agree,agree,disagree,no,Ethicality,In_Store,public_authorities,NULL,Disagree,Strongly Agree,Disgree,Very Helpful,It was easy for me to answer and finish the survey questions.,Neutral,Neutral,Agree,Neutral,Neutral,NULL,Strongly Agree
212,Ibrahim Soltan,21-30,Undergraduate,Male,4/27/2025 11:30,4/27/2025 11:38,0:08:23,disagree,agree,strongly_agree,agree,agree,disagree,strongly_disagree,disagree,agree,disagree,disagree,strongly_agree,no,Quality,In_Store,public_authorities,More customer awareness.,Strongly Agree,Agree,Strongly Agree,Very Helpful,The survey effectively made me think about fast fashion.,Agree,Strongly Agree,Strongly Agree,Agree,Strongly Agree,Using bigger buttons positioned in two columns with coloring would be better than radio buttons.,Agree
213,Ahmed,21-30,Undergraduate,Male,4/27/2025 11:30,4/27/2025 11:34,0:04:24,agree,disagree,strongly_agree,agree,agree,disagree,disagree,disagree,agree,agree,agree,strongly_agree,Definitely_not,Quality,In_Store,public_authorities,Government,Strongly Agree,Strongly Agree,Strongly Agree,Extremely Helpful,The survey effectively made me think about fast fashion.,Strongly Agree,Strongly Agree,Strongly Agree,Strongly Agree,Strongly Agree,NULL,Strongly Agree
216,hamza,21-30,Bachelor,Male,4/27/2025 11:30,4/27/2025 11:34,0:04:37,agree,agree,strongly_agree,disagree,agree,agree,agree,strongly_agree,agree,strongly_disagree,strongly_disagree,strongly_agree,no,Quality,In_Store,public_authorities,close the sweat shops,Agree,Strongly Agree,Strongly Agree,Extremely Helpful,The survey effectively made me think about fast fashion.,Strongly Agree,Strongly Agree,Strongly Agree,Strongly Agree,Strongly Agree,NULL,Strongly Agree
218,Ahmed Karam,16-20,Undergraduate,Male,4/27/2025 11:31,4/27/2025 11:38,0:06:33,agree,agree,strongly_agree,disagree,disagree,agree,disagree,agree,agree,agree,strongly_agree,strongly_agree,partially,Quality,In_Store,public_authorities,To stop romanticizing buying new clothes we don’t need,Agree,Agree,Agree,Moderately Helpful,"The survey was interesting, and I enjoyed answering it.",Agree,Agree,Agree,Agree,Neutral,NULL,Neutral
222,Dana Khaled,16-20,Undergraduate,Female,4/27/2025 11:33,4/27/2025 11:40,0:06:28,agree,agree,agree,disagree,disagree,agree,disagree,agree,strongly_disagree,agree,disagree,agree,partially,Quality,In_Store,public_authorities,Use sustainable materials and environmentally friendly sources of power,Strongly Agree,Agree,Agree,Very Helpful,It was easy for me to answer and finish the survey questions.,Agree,Agree,Agree,Agree,Strongly Agree,good luck!,Strongly Agree
224,Sarah,16-20,Undergraduate,Female,4/27/2025 11:33,4/27/2025 11:44,0:11:07,agree,agree,agree,agree,agree,disagree,agree,strongly_agree,agree,agree,agree,agree,no,Style/Brand,In_Store,public_authorities,Have brands speak publicly about their ethical and environmental effects.,Strongly Agree,Strongly Agree,Strongly Agree,Very Helpful,It was easy for me to answer and finish the survey questions.,Agree,Agree,Neutral,Strongly Agree,Strongly Agree,NULL,Agree
225,Nada Mohamed,21-30,Undergraduate,Female,4/27/2025 11:33,4/27/2025 11:39,0:05:26,strongly_agree,agree,agree,strongly_agree,agree,agree,agree,agree,agree,agree,agree,strongly_agree,yes,Price,Online,public_authorities,GOODLUCK,Strongly Agree,Strongly Agree,Strongly Agree,Extremely Helpful,The survey effectively made me think about fast fashion.,Strongly Agree,Strongly Agree,Strongly Agree,Strongly Agree,Strongly Agree,GOODLUCKKK,Strongly Agree
226,Karim tarek,21-30,Undergraduate,Male,4/27/2025 11:33,4/27/2025 11:41,0:07:44,agree,agree,agree,agree,strongly_agree,agree,strongly_agree,strongly_agree,strongly_agree,strongly_agree,strongly_agree,strongly_agree,yes,Price,Online,consumer,Encourage the brands to use reusable and sustainable in their materials,Strongly Agree,Strongly Agree,Strongly Agree,Extremely Helpful,The survey effectively made me think about fast fashion.,Agree,Agree,Neutral,Agree,Agree,NULL,Strongly Agree
227,Fares,21-30,Bachelor,Male,4/27/2025 11:34,4/27/2025 11:39,0:04:47,agree,agree,strongly_agree,disagree,agree,agree,strongly_disagree,disagree,agree,agree,strongly_agree,strongly_agree,partially,Quality,In_Store,public_authorities,Promote more the other methodologies through marketing and awareness campaigns,Strongly Agree,Strongly Agree,Strongly Agree,Extremely Helpful,The survey effectively made me think about fast fashion.,Strongly Agree,Strongly Agree,Strongly Agree,Strongly Agree,Strongly Agree,NULL,Agree
228,Nardy Micheal,21-30,Undergraduate,Male,4/27/2025 11:35,4/27/2025 11:42,0:07:34,agree,agree,agree,agree,disagree,agree,disagree,strongly_disagree,agree,strongly_agree,agree,agree,partially,Quality,Online,public_authorities,Having great quality with great prices available in different locations and delivery for all places,Agree,Agree,Agree,Very Helpful,It was easy for me to answer and finish the survey questions.,Neutral,Agree,Agree,Agree,Agree,NULL,Strongly Agree
229,Aliaa Ahmed,16-20,Undergraduate,Female,4/27/2025 11:35,4/27/2025 11:40,0:04:39,agree,agree,strongly_agree,agree,strongly_agree,disagree,disagree,agree,agree,disagree,strongly_disagree,strongly_agree,no,Price,In_Store,public_authorities,Integrate new technologies in production to make things more sustainable.,Strongly Agree,Neutral,Strongly Agree,Slightly Helpful,"The survey was interesting, and I enjoyed answering it.",Agree,Neutral,Neutral,Neutral,Agree,NULL,Agree
230,Zeina Elmofty,21-30,Undergraduate,Female,4/27/2025 11:36,4/27/2025 11:38,0:02:27,agree,agree,strongly_agree,agree,disagree,agree,agree,agree,agree,agree,agree,agree,partially,Style/Brand,In_Store,public_authorities,NULL,Strongly Agree,Strongly Agree,Strongly Agree,Extremely Helpful,The survey effectively made me think about fast fashion.,Strongly Agree,Strongly Agree,Strongly Agree,Agree,Strongly Agree,NULL,Strongly Agree
231,Rawan Mohamed,21-30,Bachelor,Female,4/27/2025 11:36,4/27/2025 11:39,0:03:10,agree,agree,agree,disagree,disagree,agree,disagree,disagree,agree,agree,agree,agree,Definitely,Quality,Online,consumer,NULL,Strongly Agree,Strongly Agree,Strongly Agree,Extremely Helpful,The survey effectively made me think about fast fashion.,Strongly Agree,Strongly Agree,Strongly Agree,Neutral,Strongly Agree,NULL,Strongly Disagree
232,Omnia kamal,16-20,Undergraduate,Female,4/27/2025 11:37,4/27/2025 11:41,0:04:36,agree,agree,strongly_agree,strongly_agree,strongly_agree,agree,strongly_disagree,agree,strongly_agree,agree,agree,strongly_agree,no,Quality,In_Store,public_authorities,Marketing campaigns,Strongly Agree,Agree,Agree,Extremely Helpful,The survey effectively made me think about fast fashion.,Strongly Agree,Strongly Agree,Strongly Agree,Strongly Agree,Strongly Agree,NULL,Agree
235,Gera,21-30,Bachelor,Female,4/27/2025 11:36,4/27/2025 11:40,0:04:09,agree,agree,agree,agree,agree,agree,agree,agree,agree,agree,agree,agree,Definitely,Quality,Online,consumer,NULL,Strongly Agree,Strongly Agree,Strongly Agree,Extremely Helpful,The survey effectively made me think about fast fashion.,Strongly Agree,Strongly Agree,Strongly Agree,Strongly Agree,Strongly Agree,NULL,Strongly Agree
240,Ahmed Hamouda,21-30,Bachelor,Male,4/27/2025 11:39,4/27/2025 11:43,0:03:58,strongly_agree,strongly_agree,strongly_agree,disagree,disagree,agree,strongly_disagree,disagree,strongly_agree,agree,strongly_agree,strongly_agree,Definitely,Price,In_Store,public_authorities,Recycling,Strongly Agree,Strongly Agree,Strongly Agree,Extremely Helpful,The survey effectively made me think about fast fashion.,Strongly Agree,Strongly Agree,Strongly Agree,Strongly Agree,Strongly Agree,NULL,Strongly Agree
241,Mireille,21-30,Bachelor,Female,4/27/2025 11:39,4/27/2025 11:45,0:05:14,strongly_agree,agree,agree,agree,agree,agree,disagree,agree,agree,agree,agree,agree,yes,Quality,Online,public_authorities,Recycling,Strongly Agree,Strongly Agree,Strongly Agree,Very Helpful,It was easy for me to answer and finish the survey questions.,Neutral,Neutral,Agree,Agree,Agree,The sound effects while writing were a bit much but otherwise it’s very fun,Agree
242,abeer alshreef,16-20,Undergraduate,Female,4/27/2025 11:40,4/27/2025 11:45,0:04:43,agree,agree,strongly_agree,agree,agree,disagree,disagree,agree,disagree,agree,agree,agree,partially,Quality,In_Store,consumer,NULL,Agree,Agree,Agree,Moderately Helpful,It was easy for me to answer and finish the survey questions.,Neutral,Agree,Neutral,Neutral,Agree,NULL,Neutral
243,Adham Hossameldin,16-20,Undergraduate,Male,4/27/2025 11:41,4/27/2025 11:47,0:06:28,disagree,agree,agree,agree,disagree,disagree,disagree,disagree,agree,agree,agree,agree,no,Quality,In_Store,public_authorities,Policy making,Agree,Strongly Agree,Agree,Extremely Helpful,It was easy for me to answer and finish the survey questions.,Agree,Strongly Agree,Agree,Strongly Agree,Strongly Agree,NULL,Strongly Agree
244,Ammar,16-20,Undergraduate,Male,4/27/2025 11:41,4/27/2025 11:48,0:06:40,strongly_agree,disagree,agree,strongly_disagree,disagree,strongly_disagree,strongly_disagree,disagree,agree,strongly_agree,strongly_agree,strongly_agree,Definitely_not,Style/Brand,Online,public_authorities,regular checkups for worker safety and product ethicallity.,Strongly Agree,Strongly Agree,Strongly Agree,Extremely Helpful,"The survey was interesting, and I enjoyed answering it.",Strongly Agree,Strongly Agree,Strongly Agree,Strongly Agree,Strongly Agree,unique experience. all was good,Strongly Agree
245,Omar Mostafa,21-30,Undergraduate,Male,4/27/2025 11:41,4/27/2025 11:46,0:05:23,agree,agree,strongly_agree,agree,disagree,strongly_agree,disagree,disagree,disagree,strongly_agree,disagree,agree,Definitely,Quality,In_Store,public_authorities,Only buy what you need,Strongly Agree,Strongly Agree,Strongly Agree,Extremely Helpful,The survey effectively made me think about fast fashion.,Strongly Agree,Strongly Agree,Strongly Agree,Strongly Agree,Strongly Agree,NULL,Strongly Agree
246,Mariam hany,21-30,Undergraduate,Female,4/27/2025 11:42,4/27/2025 11:48,0:05:25,disagree,agree,agree,disagree,disagree,agree,agree,agree,strongly_disagree,disagree,disagree,disagree,no,Price,In_Store,consumer,I don’t know,Strongly Agree,Strongly Agree,Strongly Agree,Extremely Helpful,"The survey was interesting, and I enjoyed answering it.",Strongly Agree,Strongly Agree,Strongly Agree,Strongly Agree,Strongly Agree,NULL,Strongly Agree
247,Carol Tarek,21-30,Bachelor,Female,4/27/2025 11:42,4/27/2025 11:48,0:05:14,agree,strongly_agree,agree,disagree,disagree,agree,agree,agree,disagree,disagree,agree,agree,partially,Style/Brand,Online,public_authorities,I don’t have a specific approach in mind,Strongly Agree,Strongly Agree,Strongly Agree,Extremely Helpful,The survey effectively made me think about fast fashion.,Strongly Agree,Strongly Agree,Strongly Agree,Strongly Agree,Strongly Agree,NULL,Neutral
248,Youssef Ahmed,21-30,Bachelor,Male,4/27/2025 11:43,4/27/2025 11:53,0:10:07,strongly_disagree,disagree,agree,disagree,disagree,strongly_disagree,disagree,disagree,strongly_agree,agree,agree,agree,partially,Quality,Online,public_authorities,Customers changing their buying habits,Agree,Neutral,Agree,Very Helpful,People I know were interested in or sent me that survey.,Agree,Neutral,Disgree,Neutral,Agree,NULL,Neutral
249,Laila Gohar,21-30,Bachelor,Female,4/27/2025 11:43,4/27/2025 11:54,0:10:31,agree,agree,agree,disagree,agree,disagree,disagree,agree,agree,agree,disagree,agree,no,Quality,Online,public_authorities,Changing governmental policies,Agree,Agree,Agree,Very Helpful,The survey effectively made me think about fast fashion.,Agree,Neutral,Agree,Agree,Agree,NULL,Agree
251,Mohamed shokry,21-30,Undergraduate,Male,4/27/2025 11:44,4/27/2025 11:51,0:07:05,agree,agree,strongly_agree,agree,agree,agree,agree,agree,disagree,agree,strongly_agree,strongly_agree,no,Price,Online,public_authorities,NULL,Strongly Agree,Neutral,Agree,Very Helpful,It was easy for me to answer and finish the survey questions.,Neutral,Agree,Agree,Agree,Strongly Agree,NULL,Strongly Agree
254,Amr mohamed,21-30,Undergraduate,Male,4/27/2025 11:44,4/27/2025 11:57,0:13:09,agree,agree,agree,disagree,agree,agree,disagree,agree,disagree,agree,agree,agree,no,Quality,In_Store,public_authorities,Taxation,Strongly Agree,Strongly Agree,Strongly Agree,Extremely Helpful,The survey effectively made me think about fast fashion.,Strongly Agree,Strongly Agree,Agree,Agree,Agree,NULL,Strongly Agree
255,Mohamed Mohsen,21-30,Undergraduate,Male,4/27/2025 11:45,4/27/2025 11:57,0:11:52,agree,agree,agree,strongly_agree,agree,disagree,strongly_disagree,disagree,agree,agree,agree,strongly_agree,no,Style/Brand,Online,public_authorities,"Tax exempts for small brands, heavily tax companies that pollute the environment and who don't offer fair wages for their workers",Strongly Agree,Agree,Strongly Agree,Very Helpful,The survey effectively made me think about fast fashion.,Agree,Agree,Strongly Agree,Strongly Agree,Strongly Agree,"The UI was a refreshing one, and the avatar picking made it have a more humanely connection",Agree
256,Ahmed Hany,21-30,Undergraduate,Male,4/27/2025 11:46,4/27/2025 11:49,0:02:50,disagree,strongly_agree,strongly_agree,agree,strongly_agree,agree,strongly_agree,agree,strongly_agree,agree,agree,strongly_agree,yes,Price,In_Store,consumer,More knowledge,Strongly Agree,Strongly Agree,Strongly Agree,Extremely Helpful,The survey effectively made me think about fast fashion.,Strongly Agree,Strongly Agree,Strongly Agree,Strongly Agree,Strongly Agree,NULL,Strongly Agree
257,Farah sameh,21-30,Undergraduate,Female,4/27/2025 11:46,4/27/2025 11:55,0:09:07,strongly_agree,disagree,agree,disagree,disagree,disagree,disagree,strongly_agree,agree,agree,agree,strongly_agree,no,Quality,Online,public_authorities,Producing more higher quality with less environmental friendly products,Strongly Agree,Strongly Agree,Strongly Agree,Extremely Helpful,The survey effectively made me think about fast fashion.,Strongly Agree,Strongly Agree,Strongly Agree,Strongly Agree,Strongly Agree,NULL,Strongly Agree
260,Nour eissa,16-20,Undergraduate,Male,4/27/2025 11:48,4/27/2025 11:58,0:09:56,disagree,agree,strongly_disagree,agree,strongly_disagree,agree,strongly_disagree,strongly_disagree,agree,disagree,agree,disagree,no,Style/Brand,Online,public_authorities,NULL,Strongly Agree,Strongly Agree,Strongly Agree,Extremely Helpful,The survey effectively made me think about fast fashion.,Strongly Agree,Strongly Agree,Strongly Agree,Strongly Agree,Strongly Agree,NULL,Strongly Agree
264,Mohab Wael,21-30,Undergraduate,Male,4/27/2025 11:49,4/27/2025 11:56,0:07:09,agree,strongly_agree,disagree,disagree,strongly_disagree,strongly_disagree,disagree,disagree,agree,disagree,agree,disagree,no,Style/Brand,Online,public_authorities,using sustainable raw materials,Strongly Agree,Agree,Agree,Very Helpful,It was easy for me to answer and finish the survey questions.,Agree,Neutral,Strongly Agree,Agree,Agree,NULL,Agree
267,Habiba Wael,16-20,Undergraduate,Female,4/27/2025 11:51,4/27/2025 12:00,0:08:50,strongly_agree,agree,agree,disagree,agree,agree,disagree,agree,disagree,agree,disagree,agree,yes,Price,In_Store,public_authorities,By emphasizing the advantages of local businesses,Strongly Agree,Agree,Strongly Agree,Moderately Helpful,People I know were interested in or sent me that survey.,Agree,Agree,Strongly Agree,Agree,Strongly Agree,NULL,Strongly Agree
268,Yara khaled,16-20,Undergraduate,Female,4/27/2025 11:51,4/27/2025 12:00,0:09:04,strongly_agree,agree,strongly_agree,agree,strongly_agree,strongly_disagree,disagree,disagree,agree,strongly_agree,strongly_agree,strongly_agree,no,Quality,In_Store,Everyone the consumer and the person providing the product,introducing more ethically and environmentally friendly products and brands into the market for people to replace their regular products with,Strongly Agree,Strongly Agree,Strongly Agree,Extremely Helpful,The survey effectively made me think about fast fashion.,Strongly Agree,Strongly Agree,Strongly Agree,Strongly Agree,Strongly Agree,NULL,Strongly Agree
269,tarek,16-20,Undergraduate,Female,4/27/2025 11:51,4/27/2025 12:02,0:10:24,agree,disagree,agree,disagree,strongly_disagree,disagree,disagree,agree,agree,agree,agree,strongly_agree,no,Quality,Online,public_authorities,NULL,Agree,Agree,Agree,Moderately Helpful,It was easy for me to answer and finish the survey questions.,Neutral,Neutral,Disgree,Disgree,Neutral,NULL,Neutral
270,Raqia,16-20,Undergraduate,Female,4/27/2025 11:51,4/27/2025 12:02,0:10:38,agree,strongly_agree,strongly_disagree,strongly_agree,disagree,strongly_agree,strongly_agree,strongly_disagree,strongly_disagree,strongly_disagree,agree,agree,no,Quality,In_Store,public_authorities,NULL,Agree,Neutral,Neutral,Moderately Helpful,It was easy for me to answer and finish the survey questions.,Neutral,Disgree,Strongly Disgree,Neutral,Agree,NULL,Neutral
275,Salma,21-30,Undergraduate,Female,4/27/2025 14:55,4/27/2025 14:59,0:03:22,disagree,strongly_agree,agree,strongly_agree,agree,agree,disagree,agree,agree,disagree,disagree,disagree,no,Quality,Online,consumer,.,Strongly Agree,Strongly Agree,Agree,Moderately Helpful,It was easy for me to answer and finish the survey questions.,Neutral,Strongly Agree,Agree,Neutral,Agree,NULL,Disagree
276,Malak,21-30,Bachelor,Female,4/27/2025 15:31,4/27/2025 15:40,0:08:48,agree,agree,agree,disagree,agree,agree,disagree,agree,disagree,agree,disagree,agree,partially,Price,Online,public_authorities,NULL,Agree,Agree,Agree,Very Helpful,The survey effectively made me think about fast fashion.,Agree,Agree,Agree,Agree,Agree,NULL,Agree
277,Salma,21-30,Postgraudate_Degree,Female,4/27/2025 15:37,4/27/2025 15:46,0:08:31,agree,strongly_agree,agree,agree,disagree,agree,strongly_agree,agree,agree,disagree,agree,agree,partially,Price,Online,public_authorities,Government laws,Strongly Agree,Strongly Agree,Strongly Agree,Extremely Helpful,It was easy for me to answer and finish the survey questions.,Strongly Agree,Strongly Agree,Strongly Agree,Strongly Agree,Strongly Agree,NULL,Strongly Agree
278,Hisham El Sanabary,31-40,Bachelor,Male,4/27/2025 20:04,4/27/2025 20:12,0:08:04,strongly_agree,strongly_disagree,strongly_agree,strongly_disagree,agree,strongly_disagree,strongly_disagree,disagree,agree,strongly_agree,strongly_agree,strongly_agree,Definitely_not,Quality,In_Store,consumer,Consumer awareness and education about ethical fashion to stop fast fashion from expanding negatively,Strongly Agree,Strongly Agree,Strongly Agree,Extremely Helpful,The survey effectively made me think about fast fashion.,Strongly Agree,Strongly Agree,Strongly Agree,Strongly Agree,Strongly Agree,NULL,Agree
279,Ziad,21-30,Bachelor,Male,4/27/2025 20:24,4/27/2025 20:29,0:05:19,agree,agree,disagree,disagree,agree,agree,strongly_disagree,disagree,agree,agree,agree,agree,no,Quality,In_Store,public_authorities,Governments fine clothing industries,Strongly Agree,Strongly Agree,Strongly Agree,Extremely Helpful,"The survey was interesting, and I enjoyed answering it.",Strongly Agree,Strongly Agree,Strongly Agree,Strongly Agree,Strongly Agree,NULL,Agree
280,Arwa,21-30,Undergraduate,Female,4/28/2025 8:19,4/28/2025 8:27,0:08:30,agree,agree,agree,disagree,disagree,agree,disagree,agree,agree,disagree,disagree,agree,partially,Quality,In_Store,public_authorities,More taxes on them if they continue to produce in an unethical way,Agree,Agree,Agree,Extremely Helpful,People I know were interested in or sent me that survey.,Agree,Agree,Agree,Agree,Agree,NULL,Agree
282,Nour,16-20,Undergraduate,Female,4/28/2025 10:38,4/28/2025 10:42,0:03:45,agree,strongly_agree,agree,agree,strongly_agree,agree,strongly_disagree,agree,disagree,strongly_disagree,strongly_agree,strongly_agree,no,Brand,Online,public_authorities,Supporting local brands,Strongly Agree,Strongly Agree,Strongly Agree,Extremely Helpful,"The survey was interesting, and I enjoyed answering it.",Strongly Agree,Strongly Agree,Strongly Agree,Strongly Agree,Strongly Agree,NULL,Strongly Agree
283,Rwan,16-20,Undergraduate,Female,4/28/2025 10:38,4/28/2025 10:48,0:10:18,disagree,strongly_agree,strongly_agree,disagree,disagree,agree,agree,disagree,strongly_agree,disagree,agree,strongly_agree,Definitely,Quality,In_Store,public_authorities,No idea,Strongly Agree,Strongly Agree,Strongly Agree,Very Helpful,The survey effectively made me think about fast fashion.,Strongly Agree,Strongly Agree,Strongly Agree,Strongly Agree,Strongly Agree,NULL,Strongly Agree
286,Malak tarek,16-20,Undergraduate,Female,4/28/2025 10:40,4/28/2025 10:56,0:15:54,strongly_agree,agree,disagree,disagree,disagree,agree,disagree,disagree,agree,strongly_agree,agree,agree,no,Style/Brand,In_Store,public_authorities,Local brands,Strongly Agree,Agree,Neutral,Slightly Helpful,The survey effectively made me think about fast fashion.,Agree,Agree,Agree,Agree,Neutral,NULL,Strongly Agree
287,basmala sayed,16-20,Undergraduate,Female,4/28/2025 10:40,4/28/2025 10:44,0:03:52,agree,strongly_agree,strongly_agree,strongly_agree,disagree,agree,disagree,strongly_agree,disagree,agree,disagree,strongly_agree,no,Style/Brand,In_Store,public_authorities,materials and prices,Agree,Agree,Neutral,Very Helpful,It was easy for me to answer and finish the survey questions.,Neutral,Strongly Agree,Agree,Agree,Strongly Agree,NULL,Agree
291,Haneen mostafa,16-20,Undergraduate,Female,4/28/2025 10:41,4/28/2025 10:49,0:07:25,agree,agree,strongly_agree,disagree,strongly_agree,disagree,agree,agree,agree,strongly_agree,agree,strongly_agree,no,Style/Brand,In_Store,public_authorities,Improving fast fashion companies,Strongly Agree,Strongly Agree,Strongly Agree,Extremely Helpful,The survey effectively made me think about fast fashion.,Strongly Agree,Strongly Agree,Strongly Agree,Strongly Agree,Strongly Agree,NULL,Strongly Agree
293,Tasneem,16-20,Undergraduate,Female,4/28/2025 10:41,4/28/2025 10:51,0:10:11,strongly_agree,disagree,agree,disagree,strongly_agree,strongly_disagree,strongly_disagree,disagree,agree,strongly_agree,agree,strongly_agree,no,Price,In_Store,public_authorities,Promoting sustainable clothing that lasts longer to avoiding repurchasing. Limiting the normalization of overconsumption and microtrends that require a new article of clothing every few weeks. Companies need to stop cutting corners when it comes to cost and properly pay their workers.,Agree,Disgree,Agree,Slightly Helpful,The survey effectively made me think about fast fashion.,Neutral,Neutral,Agree,Agree,Agree,NULL,Neutral
295,Youssef,21-30,Undergraduate,Male,4/28/2025 10:42,4/28/2025 10:45,0:02:34,disagree,strongly_disagree,disagree,strongly_disagree,agree,strongly_disagree,disagree,strongly_agree,strongly_agree,disagree,agree,disagree,yes,Style/Brand,Online,public_authorities,NULL,Neutral,Disgree,Disgree,Slightly Helpful,It was easy for me to answer and finish the survey questions.,Disgree,Neutral,Agree,Disgree,Strongly Agree,NULL,Agree
297,Ammar Ahmed,16-20,Undergraduate,Male,4/28/2025 10:42,4/28/2025 10:44,0:02:07,disagree,strongly_agree,disagree,strongly_disagree,agree,strongly_agree,NULL,disagree,disagree,strongly_agree,strongly_agree,disagree,no,Brand,In_Store,consumer,.,Strongly Agree,Disgree,Agree,Moderately Helpful,It was easy for me to answer and finish the survey questions.,Agree,Agree,Neutral,Disgree,Neutral,NULL,Strongly Agree
299,Mostafa Mahmood,16-20,Undergraduate,Male,4/28/2025 10:43,4/28/2025 10:49,0:06:10,agree,strongly_agree,strongly_agree,agree,strongly_agree,strongly_agree,strongly_disagree,agree,agree,strongly_agree,strongly_agree,disagree,no,Quality,Online,public_authorities,NULL,Strongly Agree,Strongly Agree,Strongly Agree,Very Helpful,It was easy for me to answer and finish the survey questions.,Agree,Agree,Agree,Neutral,Neutral,NULL,Agree
301,Nooreldeen yasser,16-20,Undergraduate,Male,4/28/2025 10:45,4/28/2025 10:51,0:05:33,agree,disagree,disagree,agree,strongly_agree,disagree,strongly_agree,disagree,strongly_agree,agree,disagree,disagree,no,Quality,In_Store,public_authorities,Dont know,Agree,Agree,Strongly Agree,Very Helpful,It was easy for me to answer and finish the survey questions.,Agree,Agree,Agree,Neutral,Neutral,NULL,Strongly Agree
307,Mohamed salah,21-30,Undergraduate,Male,4/28/2025 10:46,4/28/2025 10:55,0:08:26,agree,agree,agree,strongly_agree,agree,disagree,strongly_disagree,agree,strongly_disagree,agree,strongly_agree,agree,no,Quality,Online,public_authorities,Spreading awareness,Strongly Agree,Agree,Strongly Agree,Moderately Helpful,People I know were interested in or sent me that survey.,Agree,Agree,Agree,Strongly Agree,Agree,It was amazing,Strongly Agree
308,Georgio Mina,21-30,Undergraduate,Male,4/28/2025 10:46,4/28/2025 10:50,0:03:41,strongly_agree,agree,agree,strongly_agree,strongly_agree,disagree,strongly_agree,agree,strongly_disagree,strongly_agree,disagree,agree,Definitely,Quality,Online,public_authorities,Idk,Strongly Agree,Strongly Agree,Strongly Agree,Extremely Helpful,The survey effectively made me think about fast fashion.,Strongly Agree,Strongly Agree,Strongly Agree,Strongly Agree,Strongly Agree,NULL,Strongly Agree
312,Laila,16-20,Undergraduate,Female,4/28/2025 10:49,4/28/2025 10:54,0:04:56,agree,agree,agree,strongly_agree,disagree,agree,agree,agree,agree,disagree,agree,agree,yes,Price,In_Store,public_authorities,Instagram and social media affects ur style,Strongly Agree,Strongly Agree,Strongly Agree,Extremely Helpful,The survey effectively made me think about fast fashion.,Strongly Agree,Strongly Agree,Strongly Agree,Strongly Agree,Strongly Agree,NULL,Strongly Agree
313,Lojine Hantera,16-20,Undergraduate,Female,4/28/2025 10:49,4/28/2025 10:52,0:02:30,agree,agree,agree,strongly_agree,agree,agree,disagree,disagree,strongly_agree,agree,NULL,agree,yes,Ethicality,Online,consumer,NULL,Strongly Agree,Strongly Agree,Strongly Agree,Extremely Helpful,The survey effectively made me think about fast fashion.,Strongly Agree,Strongly Agree,Strongly Agree,Strongly Agree,Strongly Agree,NULL,Strongly Agree
314,Lara Tamer,21-30,Undergraduate,Female,4/28/2025 10:49,4/28/2025 10:52,0:02:23,agree,strongly_agree,strongly_disagree,agree,agree,strongly_agree,agree,disagree,disagree,agree,NULL,agree,yes,Quality,In_Store,consumer,Less price,Neutral,Strongly Agree,Neutral,Moderately Helpful,People I know were interested in or sent me that survey.,Neutral,Neutral,Strongly Agree,Strongly Agree,Strongly Agree,Price less,Strongly Agree
315,Touqa,21-30,Undergraduate,Female,4/28/2025 10:49,4/28/2025 10:55,0:06:16,agree,agree,agree,agree,agree,agree,agree,agree,disagree,agree,agree,agree,partially,Quality,In_Store,public_authorities,Using good quality,Strongly Agree,Strongly Agree,Strongly Agree,Extremely Helpful,The survey effectively made me think about fast fashion.,Strongly Agree,Strongly Agree,Strongly Agree,Strongly Agree,Strongly Agree,NULL,Strongly Agree
321,maria maged,16-20,Undergraduate,Female,4/28/2025 10:54,4/28/2025 11:04,0:09:53,agree,agree,agree,agree,NULL,agree,agree,agree,disagree,agree,agree,strongly_agree,partially,Quality,Online,consumer,social media,Strongly Agree,Strongly Agree,Strongly Agree,Extremely Helpful,"The survey was interesting, and I enjoyed answering it.",Strongly Agree,Strongly Agree,Strongly Agree,Strongly Agree,Strongly Agree,soo good,Strongly Agree
323,Maya Elmetwaly,16-20,Undergraduate,Female,4/28/2025 10:56,4/28/2025 11:02,0:06:27,agree,agree,agree,agree,agree,disagree,strongly_disagree,strongly_disagree,disagree,disagree,disagree,agree,partially,Quality,Online,consumer,NULL,Strongly Agree,Agree,Agree,Very Helpful,"The survey was interesting, and I enjoyed answering it.",Agree,Agree,Agree,Agree,Agree,NULL,Strongly Agree
326,Jana Am,21-30,Undergraduate,Female,4/28/2025 10:56,4/28/2025 10:59,0:02:22,agree,agree,strongly_agree,agree,agree,agree,agree,agree,agree,agree,agree,agree,Definitely,Quality,Online,public_authorities,Disagree,Neutral,Neutral,Neutral,Very Helpful,It was easy for me to answer and finish the survey questions.,Neutral,Neutral,Neutral,Neutral,Neutral,NULL,Strongly Disagree
329,nada yousry,21-30,Bachelor,Female,4/28/2025 11:17,4/28/2025 11:22,0:04:59,agree,agree,agree,agree,agree,agree,disagree,disagree,strongly_disagree,disagree,agree,agree,partially,Quality,Online,public_authorities,awarness,Strongly Agree,Agree,Strongly Agree,Extremely Helpful,People I know were interested in or sent me that survey.,Agree,Agree,Agree,Agree,Agree,NULL,Neutral
332,Aya Farahat,21-30,Bachelor,Female,4/28/2025 11:17,4/28/2025 11:28,0:11:23,strongly_agree,agree,agree,agree,disagree,disagree,agree,agree,agree,agree,disagree,agree,partially,Quality,Online,public_authorities,Provide more sustainable fashion options with affordable prices for us to purchase from,Strongly Agree,Strongly Agree,Strongly Agree,Extremely Helpful,The survey effectively made me think about fast fashion.,Strongly Agree,Strongly Agree,Strongly Agree,Strongly Agree,Strongly Agree,NULL,Strongly Agree
362,juds,16-20,Undergraduate,Female,4/28/2025 11:18,4/28/2025 11:29,0:10:51,agree,strongly_agree,agree,disagree,disagree,strongly_agree,disagree,disagree,strongly_disagree,agree,disagree,strongly_agree,yes,Quality,In_Store,public_authorities,find ways to produce clothes & other things with minimal damage to the earths environment,Strongly Agree,Agree,Neutral,Moderately Helpful,People I know were interested in or sent me that survey.,Neutral,Strongly Disgree,Strongly Disgree,Disgree,Agree,NULL,Neutral
366,Esraa,21-30,Undergraduate,Female,4/28/2025 11:20,4/28/2025 11:31,0:11:21,strongly_agree,strongly_agree,disagree,disagree,strongly_agree,strongly_agree,strongly_agree,strongly_agree,disagree,agree,disagree,agree,partially,Style/Brand,Online,public_authorities,.,Agree,Agree,Agree,Very Helpful,The survey effectively made me think about fast fashion.,Agree,Agree,Agree,Agree,Agree,NULL,Strongly Agree
367,Shahd sherif,21-30,Undergraduate,Female,4/28/2025 11:20,4/28/2025 11:31,0:10:49,strongly_agree,agree,agree,agree,agree,agree,agree,agree,disagree,agree,disagree,agree,Definitely,Price,Online,public_authorities,When materials are from environmental safe sources,Agree,Agree,Strongly Agree,Very Helpful,"The survey was interesting, and I enjoyed answering it.",Agree,Agree,Agree,Agree,Agree,NULL,Agree
368,Haya elshenawy,21-30,Undergraduate,Female,4/28/2025 11:20,4/28/2025 11:32,0:12:12,agree,agree,agree,disagree,disagree,agree,agree,agree,disagree,agree,disagree,agree,partially,Price,In_Store,public_authorities,If the environmentally friendly materials that are used by the producers are cheaper that would defiantly affect production,Agree,Agree,Agree,Very Helpful,"The survey was interesting, and I enjoyed answering it.",Agree,Agree,Strongly Agree,Agree,Strongly Agree,NULL,Strongly Agree
379,Nour Jad,21-30,Undergraduate,Female,4/28/2025 18:49,4/28/2025 18:55,0:06:04,agree,strongly_agree,strongly_agree,disagree,strongly_agree,disagree,strongly_disagree,agree,disagree,agree,strongly_agree,strongly_agree,yes,Quality,Online,public_authorities,forcing laws for brands to follow while designing and get fined if not followed,Strongly Agree,Strongly Agree,Strongly Agree,Very Helpful,It was easy for me to answer and finish the survey questions.,Strongly Agree,Strongly Agree,Strongly Agree,Agree,Strongly Agree,NULL,Agree
382,Yassin Chaddad,21-30,Bachelor,Male,4/29/2025 12:47,4/29/2025 12:56,0:08:46,strongly_disagree,agree,strongly_agree,strongly_agree,agree,agree,strongly_disagree,strongly_agree,agree,strongly_agree,agree,strongly_agree,Definitely_not,Quality,In_Store,public_authorities,Boycotting the brands and applying penalties,Strongly Agree,Agree,Strongly Agree,Moderately Helpful,It was easy for me to answer and finish the survey questions.,Agree,Agree,Strongly Agree,Strongly Agree,Strongly Agree,NULL,Agree
383,dr ahmed doma,61+,Postgraudate_Degree,Male,4/29/2025 18:33,4/29/2025 18:41,0:07:35,agree,disagree,agree,disagree,agree,agree,agree,agree,agree,agree,agree,agree,partially,Quality,Online,public_authorities,the quality of the cloth is a main factor,Strongly Agree,Strongly Agree,Strongly Agree,Extremely Helpful,People I know were interested in or sent me that survey.,Strongly Agree,Strongly Agree,Strongly Agree,Strongly Agree,Strongly Agree,NULL,Agree
384,Malak,21-30,Undergraduate,Female,4/30/2025 13:16,4/30/2025 14:02,0:46:02,agree,strongly_agree,agree,agree,strongly_agree,agree,disagree,agree,disagree,disagree,disagree,agree,partially,Quality,Online,public_authorities,"ChatGPT said: To reduce fast fashion’s environmental impact, we should focus on sustainable production, recycling clothes, and supporting ethical brands. Consumers and governments both play key roles in promoting eco-friendly choices.",Strongly Agree,Agree,Agree,Very Helpful,"The survey was interesting, and I enjoyed answering it.",Agree,Agree,Neutral,Agree,Agree,NULL,Agree
